{
    "u101": {
        "bio_vec": [
            0.7356518999722651,
            0.23695961638930937,
            0.6214804484392341,
            0.12817361068330824
        ],
        "behaviour_vec": [
            0.5009024373130382,
            0.3606497548653875,
            0.420758047342952,
            0.5209385348055597,
            0.20036097492521526,
            0.20036097492521526,
            0.30054146238782287
        ],
        "graph_vec": [
            0.7071067811865475,
            0.7071067811865475
        ],
        "unified_vec": [
            0.7259660075173804,
            0.4051826247751448,
            0.48099314026666773,
            0.24257098913825484,
            0.0661643421907059,
            0.0661643421907059,
            0.09924651328605882
        ]
    },
    "u102": {
        "bio_vec": [
            0.601362957886366,
            0.7180311658043834,
            0.2371305038984093,
            0.25799798824146936
        ],
        "behaviour_vec": [
            0.5735131331032769,
            0.22940525324131075,
            0.3345493276435782,
            0.5926302375400528,
            0.19117104436775897,
            0.19117104436775897,
            0.28675656655163845
        ],
        "graph_vec": [
            0.8320502943378436,
            0.5547001962252291
        ],
        "unified_vec": [
            0.691294941038997,
            0.582737364775296,
            0.2367930955385023,
            0.33181966384174894,
            0.06203074907680472,
            0.06203074907680472,
            0.09304612361520707
        ]
    },
    "u103": {
        "bio_vec": [
            0.6544464020602467,
            0.35581551956673607,
            0.2573308668295145,
            0.615529079607635
        ],
        "behaviour_vec": [
            0.43779295756590014,
            0.5472411969573752,
            0.3064550702961301,
            0.4596826054441951,
            0.21889647878295007,
            0.21889647878295007,
            0.32834471817442507
        ],
        "graph_vec": [
            0.8944271909999159,
            0.4472135954999579
        ],
        "unified_vec": [
            0.6881111208412497,
            0.46582050628616123,
            0.23813551703974875,
            0.48109135990199015,
            0.07088834675620487,
            0.07088834675620487,
            0.10633252013430729
        ]
    },
    "u104": {
        "bio_vec": [
            0.3093137157341787,
            0.3960071793136544,
            0.7802411722152812,
            0.3724608064895992
        ],
        "behaviour_vec": [
            0.4585360509483515,
            0.5240412010838303,
            0.373379355772229,
            0.5502432611380218,
            0.13101030027095759,
            0.13101030027095759,
            0.19651545040643634
        ],
        "graph_vec": [
            0.9486832980505138,
            0.31622776601683794
        ],
        "unified_vec": [
            0.5424098699272958,
            0.4709526070897929,
            0.5651212826437254,
            0.39537028419124287,
            0.0442332032924636,
            0.0442332032924636,
            0.0663498049386954
        ]
    },
    "u105": {
        "bio_vec": [
            0.022810174323770204,
            0.5208323137260863,
            0.827819243166827,
            0.20719241677424602
        ],
        "behaviour_vec": [
            0.500765643937035,
            0.300459386362221,
            0.300459386362221,
            0.4840734558058005,
            0.33384376262469007,
            0.33384376262469007,
            0.33384376262469007
        ],
        "graph_vec": [
            0.8944271909999159,
            0.4472135954999579
        ],
        "unified_vec": [
            0.4205500314874066,
            0.5434056850214423,
            0.6225097781724995,
            0.30729605798833776,
            0.12369133805131224,
            0.12369133805131224,
            0.12369133805131224
        ]
    },
    "u106": {
        "bio_vec": [
            0.636014750584184,
            0.3033095554256508,
            0.498389710016598,
            0.5050705372286167
        ],
        "behaviour_vec": [
            0.46044992591553136,
            0.46044992591553136,
            0.36835994073242506,
            0.5832365728263398,
            0.15348330863851045,
            0.15348330863851045,
            0.23022496295776568
        ],
        "graph_vec": [
            0.9486832980505138,
            0.31622776601683794
        ],
        "unified_vec": [
            0.6952770057233814,
            0.38003608651704646,
            0.3872135596751981,
            0.46020268961013294,
            0.04956659676078928,
            0.04956659676078928,
            0.07434989514118392
        ]
    },
    "u107": {
        "bio_vec": [
            0.5032807599599648,
            0.5415300977169222,
            0.6733896568264329,
            0.0
        ],
        "behaviour_vec": [
            0.48121434634533305,
            0.4234686247838931,
            0.34647432936863976,
            0.5582086417605863,
            0.19248573853813322,
            0.19248573853813322,
            0.28872860780719983
        ],
        "graph_vec": [
            0.9486832980505138,
            0.31622776601683794
        ],
        "unified_vec": [
            0.6581621685708976,
            0.5180553738816058,
            0.49511732512628903,
            0.18816760038731514,
            0.06488537944390178,
            0.06488537944390178,
            0.09732806916585268
        ]
    },
    "u108": {
        "bio_vec": [
            0.42173386213399094,
            0.5303968212063526,
            0.357143991356713,
            0.6428591844420835
        ],
        "behaviour_vec": [
            0.4663791548100395,
            0.3964222815885336,
            0.3497843661075296,
            0.5829739435125494,
            0.23318957740501975,
            0.23318957740501975,
            0.23318957740501975
        ],
        "graph_vec": [
            0.8944271909999159,
            0.4472135954999579
        ],
        "unified_vec": [
            0.5757899421058799,
            0.5148065474119407,
            0.30819538985939365,
            0.5395419449633827,
            0.07604878391762963,
            0.07604878391762963,
            0.07604878391762963
        ]
    },
    "u109": {
        "bio_vec": [
            0.19769303840485353,
            0.6079060930949246,
            0.2520586239661882,
            0.7265219161378367
        ],
        "behaviour_vec": [
            0.4363780623231544,
            0.4800158685554699,
            0.40001322379622495,
            0.5963833518416444,
            0.14545935410771815,
            0.14545935410771815,
            0.14545935410771815
        ],
        "graph_vec": [
            0.8944271909999159,
            0.4472135954999579
        ],
        "unified_vec": [
            0.4523807256110755,
            0.5949159202853611,
            0.2723650378625699,
            0.6002024497942794,
            0.048308150788058,
            0.048308150788058,
            0.048308150788058
        ]
    },
    "u110": {
        "bio_vec": [
            0.37226815039159566,
            0.6446338310453338,
            0.2387143224262492,
            0.6236017321531532
        ],
        "behaviour_vec": [
            0.3683547343418786,
            0.4420256812102543,
            0.257848314039315,
            0.4420256812102543,
            0.3683547343418786,
            0.3683547343418786,
            0.3683547343418786
        ],
        "graph_vec": [
            0.8944271909999159,
            0.4472135954999579
        ],