{
    "u101": {
        "bio_vec": [
            0.008840853109885987,
            0.6144392911370762,
            0.7569980475339877,
            0.22212643438588545
        ],
        "behaviour_vec": [
            0.5009024373130382,
            0.3606497548653875,
            0.420758047342952,
            0.5209385348055597,
            0.20036097492521526,
            0.20036097492521526,
            0.30054146238782287
        ],
        "graph_vec": [
            0.7071067811865475,
            0.7071067811865475
        ],
        "unified_vec": [
            0.34438063722167367,
            0.6476035383392911,
            0.5869998872753294,
            0.3109235865796466,
            0.06990630617758238,
            0.06990630617758238,
            0.10485945926637356
        ]
    },
    "u102": {
        "bio_vec": [
            0.41512626579819306,
            0.649509354071892,
            0.5608868928340754,
            0.30201601921834836
        ],
        "behaviour_vec": [
            0.5735131331032769,
            0.22940525324131075,
            0.3345493276435782,
            0.5926302375400528,
            0.19117104436775897,
            0.19117104436775897,
            0.28675656655163845
        ],
        "graph_vec": [
            0.8320502943378436,
            0.5547001962252291
        ],
        "unified_vec": [
            0.6030656221590803,
            0.5572185226972494,
            0.42058782006930734,
            0.3631435227828032,
            0.06334228362535793,
            0.06334228362535793,
            0.0950134254380369
        ]
    },
    "u103": {
        "bio_vec": [
            0.5151936178031384,
            0.4760649886029001,
            0.4559078159845955,
            0.5478008088033371
        ],
        "behaviour_vec": [
            0.43779295756590014,
            0.5472411969573752,
            0.3064550702961301,
            0.4596826054441951,
            0.21889647878295007,
            0.21889647878295007,
            0.32834471817442507
        ],
        "graph_vec": [
            0.8944271909999159,
            0.4472135954999579
        ],
        "unified_vec": [
            0.6143073528417248,
            0.5318985722846159,
            0.3460797368621126,
            0.4455195200143761,
            0.07104523507769445,
            0.07104523507769445,
            0.10656785261654167
        ]
    },
    "u104": {
        "bio_vec": [
            0.4549149583363798,
            0.4882014187024563,
            0.12119685569186851,
            0.7348626250049212
        ],
        "behaviour_vec": [
            0.4585360509483515,
            0.5240412010838303,
            0.373379355772229,
            0.5502432611380218,
            0.13101030027095759,
            0.13101030027095759,
            0.19651545040643634
        ],
        "graph_vec": [
            0.9486832980505138,
            0.31622776601683794
        ],
        "unified_vec": [
            0.604034239390426,
            0.5058257026248486,
            0.187945504693522,
            0.5798070336035299,
            0.04279441210768593,
            0.04279441210768593,
            0.06419161816152888
        ]
    },
    "u105": {
        "bio_vec": [
            0.4164152842967538,
            0.6499113040340024,
            0.6338953315610504,
            0.04889086333848527
        ],
        "behaviour_vec": [
            0.500765643937035,
            0.300459386362221,
            0.300459386362221,
            0.4840734558058005,
            0.33384376262469007,
            0.33384376262469007,
            0.33384376262469007
        ],
        "graph_vec": [
            0.8944271909999159,
            0.4472135954999579
        ],
        "unified_vec": [
            0.6131847783239281,
            0.575769212173101,
            0.4645599128598736,
            0.19362199804595553,
            0.11429326486677513,
            0.11429326486677513,
            0.11429326486677513
        ]
    },
    "u106": {
        "bio_vec": [
            0.28247515639813214,
            0.6101463378199655,
            0.20564191385784023,
            0.7110841270395647
        ],
        "behaviour_vec": [
            0.46044992591553136,
            0.46044992591553136,
            0.36835994073242506,
            0.5832365728263398,
            0.15348330863851045,
            0.15348330863851045,
            0.23022496295776568
        ],
        "graph_vec": [
            0.9486832980505138,
            0.31622776601683794
        ],
        "unified_vec": [
            0.5204226703451906,
            0.5618520765444667,
            0.2366638993341344,
            0.5885431395232231,
            0.05108161853247267,
            0.05108161853247267,
            0.07662242779870902
        ]
    },
    "u107": {
        "bio_vec": [
            0.6529333414063869,
            0.010056179075565915,
            0.5415970730697643,
            0.5293859984780057
        ],
        "behaviour_vec": [
            0.48121434634533305,
            0.4234686247838931,
            0.34647432936863976,
            0.5582086417605863,
            0.19248573853813322,
            0.19248573853813322,
            0.28872860780719983
        ],
        "graph_vec": [
            0.9486832980505138,
            0.31622776601683794
        ],
        "unified_vec": [
            0.7313241572668199,
            0.21623526098920737,
            0.4148810983259692,
            0.4784458208158331,
            0.06393113887081257,
            0.06393113887081257,
            0.09589670830621887
        ]
    },
    "u108": {
        "bio_vec": [
            0.49670556396555793,
            0.6038019309172395,
            0.6130343763441086,
            0.11355907875049
        ],
        "behaviour_vec": [
            0.4663791548100395,
            0.3964222815885336,
            0.3497843661075296,
            0.5829739435125494,
            0.23318957740501975,
            0.23318957740501975,
            0.23318957740501975
        ],
        "graph_vec": [
            0.8944271909999159,
            0.4472135954999579
        ],
        "unified_vec": [
            0.6264352715692405,
            0.5636079499151256,
            0.45446083676413557,
            0.2558879222762008,
            0.07726933071461109,
            0.07726933071461109,
            0.07726933071461109
        ]
    },
    "u109": {
        "bio_vec": [
            0.6476195318648031,
            0.17058165548548407,
            0.7347564814201587,
            0.10781351385662628
        ],
        "behaviour_vec": [
            0.4363780623231544,
            0.4800158685554699,
            0.40001322379622495,
            0.5963833518416444,
            0.14545935410771815,
            0.14545935410771815,
            0.14545935410771815
        ],
        "graph_vec": [
            0.8944271909999159,
            0.4472135954999579
        ],
        "unified_vec": [
            0.7081684427137049,
            0.35624580010190143,
            0.5447348516147408,
            0.26021903589260986,
            0.048772879928601055,
            0.048772879928601055,
            0.048772879928601055
        ]
    },
    "u110": {
        "bio_vec": [
            0.3454923282467457,
            0.048421273277006016,
            0.05234732246162813,
            0.9357083890016028
        ],
        "behaviour_vec": [
            0.3683547343418786,
            0.4420256812102543,
            0.257848314039315,
            0.4420256812102543,
            0.3683547343418786,
            0.3683547343418786,
            0.3683547343418786
        ],
        "graph_vec": [
            0.8944271909999159,
            0.4472135954999579
        ],